Title,Genre,Original Network,Premiere,Seasons,Length,Netflix Exclusive Regions,Status
House of Cards,Political drama,Netflix,01-Feb-13,"6 seasons, 73 episodes",42?59 min.,Worldwide,Ended
Hemlock Grove,Horror,Netflix,19-Apr-13,"3 seasons, 33 episodes",45?58 min.,Worldwide,Ended
Orange Is the New Black,Comedy-drama,Netflix,11-Jul-13,"7 seasons, 91 episodes",50?92 min.,Worldwide,Ended
Marco Polo,Historical drama,Netflix,12-Dec-14,"2 seasons, 20 episodes",48?65 min.,Worldwide,Ended
Bloodline,Thriller,Netflix,20-Mar-15,"3 seasons, 33 episodes",48?68 min.,Worldwide,Ended
Daredevil,Superhero fiction,Netflix,10-Apr-15,"3 seasons, 39 episodes",46?61 min.,Worldwide,Ended
Sense8,Science fiction,Netflix,05-Jun-15,"2 seasons, 24 episodes",45?152 min.,Worldwide,Ended
Narcos,Crime drama,Netflix,28-Aug-15,"3 seasons, 30 episodes",43?60 min.,Worldwide,Ended
Jessica Jones,Superhero fiction,Netflix,20-Nov-15,"3 seasons, 39 episodes",44?56 min.,Worldwide,Ended
The Get Down,Musical,Netflix,12-Aug-16,"2 parts, 11 episodes",50?93 min.,Worldwide,Ended
Luke Cage,Superhero fiction,Netflix,30-Sep-16,"2 seasons, 26 episodes",46?69 min.,Worldwide,Ended
The OA,Mystery,Netflix,16-Dec-16,"2 parts, 16 episodes",31?71 min.,Worldwide,Ended
A Series of Unfortunate Events,Black comedy,Netflix,13-Jan-17,"3 seasons, 25 episodes",36?64 min.,Worldwide,Ended
Iron Fist,Superhero fiction,Netflix,17-Mar-17,"2 seasons, 23 episodes",49?61 min.,Worldwide,Ended
13 Reasons Why,Teen drama,Netflix,31-Mar-17,"4 seasons, 49 episodes",49?98 min.,Worldwide,Ended
Gypsy,Psychological thriller,Netflix,30-Jun-17,"1 season, 10 episodes",46?58 min.,Worldwide,Ended
The Punisher,Superhero fiction,Netflix,17-Nov-17,"2 seasons, 26 episodes",47?58 min.,Worldwide,Ended
Seven Seconds,Crime drama,Netflix,23-Feb-18,"1 season, 10 episodes",54?80 min.,Worldwide,Ended
The Ponysitters Club,Drama,Netflix,10-Aug-18,"2 seasons, 20 episodes",23 min.,Worldwide,"Ended
"
The Innocents,Supernatural fiction,Netflix,24-Aug-18,"1 season, 8 episodes",46?56 min.,Worldwide,"Ended
"
Tidelands,Supernatural,Netflix,14-Dec-18,"1 season, 8 episodes",36?48 min.,Worldwide,"Ended
"
Shadow,Thriller,Netflix,08-Mar-19,"1 season, 8 episodes",40?49 min.,Worldwide,"Ended
"
Chambers,Teen,Netflix,26-Apr-19,"1 season, 10 episodes",38?51 min.,Worldwide,Ended
What/If,Social thriller,Netflix,24-May-19,"1 season, 10 episodes",44?58 min.,Worldwide,"Ended
"
V Wars,Science fiction,Netflix,05-Dec-19,"1 season, 10 episodes",37?57 min.,Worldwide,Ended
Soundtrack,Musical,Netflix,18-Dec-19,"1 season, 10 episodes",52?61 min.,Worldwide,Ended
Messiah,Thriller,Netflix,01-Jan-20,"1 season, 10 episodes",38?55 min.,Worldwide,Ended
Spinning Out,Drama,Netflix,01-Jan-20,"1 season, 10 episodes",44?56 min.,Worldwide,Ended
October Faction,Horror,Netflix,23-Jan-20,"1 season, 10 episodes",36?49 min.,Worldwide,Ended
Richie Rich,Sitcom,Netflix,20-Feb-15,"2 seasons, 21 episodes",21?23 min.,Worldwide,Ended
Unbreakable Kimmy Schmidt,Comedy,Netflix,06-Mar-15,"4 seasons, 52 episodes",23?53 min.,Worldwide,Ended
Project Mc,Comedy,Netflix,07-Aug-15,"6 parts, 26 episodes",22?34 min.,Worldwide,"Ended
"
Master of None,Comedy,Netflix,06-Nov-15,"2 seasons, 20 episodes",21?57 min.,Worldwide,"Ended
"
W/ Bob & David,Sketch comedy,Netflix,13-Nov-15,"1 season, 5 episodes",27?33 min.,Worldwide,"Ended
"
Love,Romantic comedy,Netflix,19-Feb-16,"3 seasons, 34 episodes",24?40 min.,Worldwide,Ended
Fuller House,Sitcom,Netflix,26-Feb-16,"5 seasons, 75 episodes",24?36 min.,Worldwide,Ended
Flaked,Comedy,Netflix,11-Mar-16,"2 seasons, 14 episodes",30?34 min.,Worldwide,Ended
Netflix Presents: The Characters,Sketch comedy,Netflix,11-Mar-16,"1 season, 8 episodes",27?38 min.,Worldwide,Ended
The Ranch,Sitcom,Netflix,01-Apr-16,"8 parts, 80 episodes",25?36 min.,Worldwide,Ended
Lady Dynamite,Comedy,Netflix,20-May-16,"2 seasons, 20 episodes",26?36 min.,Worldwide,Ended
Easy,Romantic comedy,Netflix,22-Sep-16,"3 seasons, 25 episodes",26?52 min.,Worldwide,Ended
Haters Back Off,Comedy,Netflix,14-Oct-16,"2 seasons, 16 episodes",24?36 min.,Worldwide,Ended
Trailer Park Boys Out of the Park: Europe,Mockumentary,Netflix,28-Oct-16,"1 season, 8 episodes",22?30 min.,Worldwide,"Ended
"
One Day at a Time,Sitcom,Netflix,06-Jan-17,"3 seasons, 39 episodes",25?35 min.,Worldwide,Ended
Santa Clarita Diet,Comedy horror,Netflix,03-Feb-17,"3 seasons, 30 episodes",26?35 min.,Worldwide,Ended
Mystery Science Theater 3000: The Return,Comic science fiction,Netflix,14-Apr-17,"2 seasons, 20 episodes",86?94 min.,Worldwide,Ended
Girlboss,Comedy,Netflix,21-Apr-17,"1 season, 13 episodes",24?29 min.,Worldwide,Ended
Friends from College,Comedy,Netflix,14-Jul-17,"2 seasons, 16 episodes",26?34 min.,Worldwide,Ended
Disjointed,Comedy,Netflix,25-Aug-17,"2 parts, 20 episodes",23?32 min.,Worldwide,Ended
American Vandal,Mockumentary,Netflix,15-Sep-17,"2 seasons, 16 episodes",26?42 min.,Worldwide,Ended
She's Gotta Have It,Comedy-drama,Netflix,23-Nov-17,"2 seasons, 19 episodes",32?38 min.,Worldwide,Ended
Trailer Park Boys Out of the Park: USA,Mockumentary,Netflix,24-Nov-17,"1 season, 8 episodes",23?35 min.,Worldwide,"Ended
"
Everything Sucks!,Coming-of-age,Netflix,16-Feb-18,"1 season, 10 episodes",23?27 min.,Worldwide,Ended
Alexa & Katie,Sitcom,Netflix,23-Mar-18,"4 seasons, 39 episodes",22?37 min.,Worldwide,Ended
All About the Washingtons,Comedy,Netflix,10-Aug-18,"1 season, 10 episodes",22?27 min.,Worldwide,Ended
Insatiable,Dark comedy-drama,Netflix,10-Aug-18,"2 seasons, 22 episodes",40?53 min.,Worldwide,Ended
The Good Cop,Police procedural,Netflix,21-Sep-18,"1 season, 10 episodes",43?49 min.,Worldwide,Ended
Prince of Peoria,Sitcom,Netflix,16-Nov-18,"2 parts, 16 episodes",24?28 min.,Worldwide,"Ended
"
Turn Up Charlie,Comedy,Netflix,15-Mar-19,"1 season, 8 episodes",25?29 min.,Worldwide,Ended
Huge in France,Comedy,Netflix,12-Apr-19,"1 season, 8 episodes",28?34 min.,Worldwide,"Ended
"
No Good Nick,Sitcom,Netflix,15-Apr-19,"2 parts, 20 episodes",26?32 min.,Worldwide,Ended
Lunatics,Comedy,Netflix,19-Apr-19,"1 season, 10 episodes",33?38 min.,Worldwide,"Ended
"
It's Bruno!,Comedy,Netflix,17-May-19,"1 season, 8 episodes",12?21 min.,Worldwide,"Ended
"
Daybreak,Dark comedy,Netflix,24-Oct-19,"1 season, 10 episodes",39?50 min.,Worldwide,Ended
Merry Happy Whatever,Comedy,Netflix,28-Nov-19,"1 season, 8 episodes",25?29 min.,Worldwide,Ended
Astronomy Club: The Sketch Show,Sketch comedy,Netflix,06-Dec-19,"1 season, 6 episodes",18?24 min.,Worldwide,Ended
AJ and the Queen,Comedy,Netflix,10-Jan-20,"1 season, 10 episodes",47?60 min.,Worldwide,Ended
BoJack Horseman,Black comedy,Netflix,22-Aug-14,"6 seasons, 77 episodes",25?27 min.,Worldwide,Ended
Neo Yokio,Science fantasy,Netflix,22-Sep-17,"2 seasons, 7 episodes",20?65 min.,Worldwide,"Ended
"
Super Drags,Superhero,Netflix,09-Nov-18,"1 season, 5 episodes",23?26 min.,Worldwide,Ended
Tuca & Bertie,Comedy,Netflix,03-May-19,"1 season, 10 episodes",25?26 min.,Worldwide,Ended
A.I.C.O. -Incarnation-,Science fiction,Netflix,09-Mar-18,"1 season, 12 episodes",25?29 min.,Worldwide,"Ended
"
Sword Gai: The Animation,Supernatural,Netflix,23-Mar-18,"2 seasons, 24 episodes",22?23 min.,Worldwide,"Ended
"
Lost Song,Musical,Netflix,31-Mar-18,"1 season, 12 episodes",23?24 min.,Worldwide,"Ended
"
Hero Mask,Crime,Netflix,03-Dec-18,"2 seasons, 24 episodes",25 min.,Worldwide,"Ended
"
Rilakkuma and Kaoru,Stop motion,Netflix,19-Apr-19,"1 season, 13 episodes",11?14 min.,Worldwide,"Ended
"
Marseille,Political drama,Netflix,05-May-16,"2 seasons, 16 episodes",35?53 min.,Worldwide,Ended
Osmosis,Science fiction,Netflix,29-Mar-19,"1 season, 8 episodes",41?45 min.,Worldwide,Ended
Marianne,Horror drama,Netflix,13-Sep-19,"1 season, 8 episodes",37?52 min.,Worldwide,Ended
Dogs of Berlin,Drama,Netflix,07-Dec-18,"1 season, 10 episodes",51?62 min.,Worldwide,"Ended
"
Skylines,Drama,Netflix,27-Sep-19,"1 season, 6 episodes",47?66 min.,Worldwide,Ended
Leila,Drama,Netflix,14-Jun-19,"1 season, 6 episodes",40?54 min.,Worldwide,"Ended
"
Blazing Transfer Students,Action,Netflix,10-Nov-17,"1 season, 8 episodes",23?28 min.,Worldwide,"Ended
"
Jimmy: The True Story of a True Idiot,Comedy,Netflix,20-Jul-18,"1 season, 9 episodes",39?64 min.,Worldwide,"Ended
"
Switched,Science fiction,Netflix,01-Aug-18,"1 season, 6 episodes",33?44 min.,Worldwide,"Ended
"
My Only Love Song,Comedy,Netflix,09-Jun-17,"1 season, 20 episodes",27?30 min.,Worldwide,"Ended
"
YG Future Strategy Office,Comedy,Netflix,05-Oct-18,"1 season, 8 episodes",20?29 min.,Worldwide,"Ended
"
The Mechanism,Crime drama,Netflix,23-Mar-18,"2 seasons, 16 episodes",39?55 min.,Worldwide,"Ended
"
Samantha!,Comedy,Netflix,06-Jul-18,"2 seasons, 14 episodes",24?37 min.,Worldwide,Ended
Nobody's Looking,Comedy drama,Netflix,22-Nov-19,"1 season, 8 episodes",19?30 min.,Worldwide,Ended
Club de Cuervos,Comedy-drama,Netflix,07-Aug-15,"4 seasons, 45 episodes",36?94 min.,Worldwide,Ended
Estocolmo,Crime drama,Netflix,11-Nov-16,"1 season, 13 episodes",37?49 min.,Worldwide,"Ended
"
Ingobernable,Political drama,Netflix,24-Mar-17,"2 seasons, 27 episodes",32?50 min.,Worldwide,"Ended
"
Edha,Drama,Netflix,16-Mar-18,"1 season, 10 episodes",38?43 min.,Worldwide,"Ended
"
Club de Cuervos Presents: The Ballad of Hugo Sanchez,Comedy,Netflix,17-Jun-18,"1 season, 6 episodes",29?37 min.,Worldwide,"Ended
"
The House of Flowers,Comedy,Netflix,10-Aug-18,"3 seasons, 33 episodes",24?40 min.,Worldwide,Ended
Yankee,Drama,Netflix,14-Jun-19,"1 season, 25 episodes",36?44 min.,Worldwide,"Ended
"
Making a Murderer,Crime drama,Netflix,18-Dec-15,"2 parts, 20 episodes",47?77 min.,Worldwide,"Ended
"
Chelsea Does,Comedy,Netflix,23-Jan-16,"1 season, 4 episodes",62?74 min.,Worldwide,Ended
Chef's Table: France,Culinary art,Netflix,02-Sep-16,"1 season, 4 episodes",41?54 min.,Worldwide,"Ended
"
Roman Empire,Historical drama,Netflix,11-Nov-16,"3 seasons, 15 episodes",38?48 min.,Worldwide,"Ended
"
The Confession Tapes,True crime,Netflix,08-Sep-17,"2 seasons, 11 episodes",41?54 min.,Worldwide,"Ended
"
The Day I Met El Chapo,Biography,Netflix,20-Oct-17,"1 season, 3 episodes",48?61 min.,Worldwide,"Ended
"
Shot in the Dark,True crime,Netflix,17-Nov-17,"1 season, 8 episodes",34?41 min.,Worldwide,"Ended
"
72 Dangerous Animals: Latin America,Nature,Netflix,22-Dec-17,"1 season, 12 episodes",41?46 min.,Worldwide,"Ended
"
Drug Lords,Documentary,Netflix,19-Jan-18,"2 seasons, 8 episodes",42?47 min.,Worldwide,"Ended
"
Coach Snoop,Sport,Netflix,02-Feb-18,"1 season, 8 episodes",28?30 min.,Worldwide,"Ended
"
First Team: Juventus,Sport,Netflix,16-Feb-18,"1 season, 6 episodes",37?42 min.,Worldwide,"Ended
"
Girls Incarcerated,Documentary,Netflix,02-Mar-18,"2 seasons, 16 episodes",37?47 min.,Worldwide,"Ended
"
Rapture,Documentary,Netflix,30-Mar-18,"1 season, 8 episodes",52?63 min.,Worldwide,"Ended
"
Dark Tourist,Travel documentary,Netflix,20-Jul-18,"1 season, 8 episodes",39?42 min.,Worldwide,"Ended
"
Marching Orders,Docu-series,Netflix,03-Aug-18,"1 season, 12 episodes",9?14 min.,Worldwide,"Ended
"
72 Dangerous Animals: Asia,Nature,Netflix,10-Aug-18,"1 season, 12 episodes",44?48 min.,Worldwide,"Ended
"
Afflicted,Docu-series,Netflix,10-Aug-18,"1 season, 7 episodes",37?46 min.,Worldwide,"Ended
"
Follow This,Docu-series,Netflix,23-Aug-18,"3 parts, 20 episodes",15?20 min.,Worldwide,Ended
First and Last,Docu-series,Netflix,07-Sep-18,"1 season, 6 episodes",38?43 min.,Worldwide,"Ended
"
Boca Juniors Confidential,Docu-series,Netflix,14-Sep-18,"1 season, 4 episodes",40?44 min.,Worldwide,"Ended
"
FightWorld,Travel documentary,Netflix,12-Oct-18,"1 season, 5 episodes",41?44 min.,Worldwide,"Ended
"
Terrorism Close Calls,Docu-series,Netflix,26-Oct-18,"1 season, 10 episodes",47?49 min.,Worldwide,"Ended
"
Medal of Honor,Docu-series,Netflix,09-Nov-18,"1 season, 8 episodes",46?61 min.,Worldwide,"Ended
"
Vai Anitta,Docu-series,Netflix,16-Nov-18,"1 season, 6 episodes",25?35 min.,Worldwide,"Ended
"
Inside the Real Narcos,Docu-series,Netflix,14-Dec-18,"1 season, 3 episodes",45?46 min.,Worldwide,"Ended
"
7 Days Out,Docu-series,Netflix,21-Dec-18,"1 season, 6 episodes",47?48 min.,Worldwide,"Ended
"
Murder Mountain,True crime,Netflix,28-Dec-18,"1 season, 6 episodes",43 min.,Worldwide,"Ended
"
Trigger Warning with Killer Mike,Docu-series,Netflix,18-Jan-19,"1 season, 6 episodes",22?27 min.,Worldwide,"Ended
"
Examination of Conscience,True crime,Netflix,25-Jan-19,"1 season, 3 episodes",51?54 min.,Worldwide,"Ended
"
Larry Charles' Dangerous World of Comedy,Docu-series,Netflix,15-Feb-19,"1 season, 4 episodes",51?66 min.,Worldwide,"Ended
"
Losers,Sport,Netflix,01-Mar-19,"1 collection, 8 episodes",25?37 min.,Worldwide,"Ended
"
Cricket Fever: Mumbai Indians,Sport,Netflix,01-Mar-19,"1 season, 8 episodes",33?44 min.,Worldwide,"Ended
"
Street Food: Asia,Culinary art,Netflix,26-Apr-19,"1 season, 9 episodes",30?34 min.,Worldwide,"Ended
"
Killer Ratings,Docu-series,Netflix,31-May-19,"1 season, 7 episodes",42?58 min.,Worldwide,"Ended
"
The Alcasser Murders,True crime,Netflix,14-Jun-19,"1 season, 5 episodes",53?66 min.,Worldwide,"Ended
"
White Rabbit Project,"Science investigation
",Netflix,09-Dec-16,"1 season, 10 episodes",45?48 min.,Worldwide,Ended
Chasing Cameron,"Celebrity
",Netflix,27-Dec-16,"1 season, 10 episodes",26?33 min.,Worldwide,Ended
Ultimate Beastmaster,"Competition
",Netflix,24-Feb-17,"3 seasons, 29 episodes",41?84 min.,Worldwide,"Ended
"
Cooking on High,Cooking show,Netflix,22-Jun-18,"1 season, 12 episodes",13?15 min.,Worldwide,"Ended
"
Amazing Interiors,Reality,Netflix,20-Jul-18,"1 season, 12 episodes",21?28 min.,Worldwide,"Ended
"
Stay Here,Reality,Netflix,17-Aug-18,"1 season, 8 episodes",31?33 min.,Worldwide,"Ended
"
Battlefish,Reality,Netflix,21-Sep-18,"1 season, 8 episodes",38?46 min.,Worldwide,"Ended
"
Made in Mexico,"Spanish language reality series
",Netflix,28-Sep-18,"1 season, 8 episodes",45?54 min.,Worldwide,"Ended
"
Dancing Queen,"Celebrity
",Netflix,05-Oct-18,"1 season, 8 episodes",38?46 min.,Worldwide,"Ended
"
The Curious Creations of Christine McConnell,Cooking show,Netflix,12-Oct-18,"1 season, 6 episodes",24?29 min.,Worldwide,Ended
Westside,Music,Netflix,09-Nov-18,"1 season, 8 episodes",46?58 min.,Worldwide,"Ended
"
The Final Table,Culinary competition,Netflix,20-Nov-18,"1 season, 10 episodes",48?60 min.,Worldwide,"Ended
"
Death by Magic,Reality,Netflix,30-Nov-18,"1 season, 8 episodes",31?39 min.,Worldwide,"Ended
"
Tidying Up with Marie Kondo,Reality show,Netflix,01-Jan-19,"1 season, 8 episodes",35?47 min.,Worldwide,"Ended
"
You vs. Wild,Interactive ,Netflix,10-Apr-19,"1 season, 8 episodes",14?26 min.,Worldwide,"Ended
"
Flinch,Reality television,Netflix,03-May-19,"1 season, 10 episodes",20?25 min.,Worldwide,"Ended
"
Jailbirds,Reality television,Netflix,10-May-19,"1 season, 10 episodes",37?47 min.,Worldwide,"Ended
"
Awake: The Million Dollar Game,Reality television,Netflix,14-Jun-19,"1 season, 8 episodes",35?41 min.,Worldwide,"Ended
"
Next In Fashion,Reality competition,Netflix,29-Jan-20,"1 season, 10 episodes",46-56 min.,Worldwide,Ended
Chelsea,Late-night,Netflix,11-May-16,"2 seasons, 120 episodes",27?64 min.,Worldwide,Ended
Julie's Greenroom,Educational,Netflix,17-Mar-17,"1 season, 13 episodes",27?34 min.,Worldwide,"Ended
"
13 Reasons Why: Beyond the Reasons,Aftershow,Netflix,31-Mar-17,"3 seasons, 3 episodes",17?67 min.,Worldwide,"Ended
"
Bill Nye Saves the World,Science,Netflix,21-Apr-17,"3 seasons, 25 episodes",26?41 min.,Worldwide,"Ended
"
Beyond Stranger Things,Aftershow,Netflix,27-Oct-17,"1 season, 7 episodes",15?25 min.,Worldwide,"Ended
"
My Next Guest Needs No Introduction with David Letterman,Interview,Netflix,12-Jan-18,"2 seasons, 13 episodes",41?58 min.,Worldwide,"Ended
"
The Joel McHale Show with Joel McHale,Comedy,Netflix,18-Feb-18,"1 season, 19 episodes",22?28 min.,Worldwide,Ended
A Little Help with Carol Burnett,Variety show,Netflix,04-May-18,"1 season, 12 episodes",21?29 min.,Worldwide,"Ended
"
The Who Was? Show,Educational,Netflix,11-May-18,"1 season, 13 episodes",23?27 min.,Worldwide,"Ended
"
The Break with Michelle Wolf,Late-night,Netflix,27-May-18,"1 season, 10 episodes",27 min.,Worldwide,Ended
Norm Macdonald Has a Show,Talk show,Netflix,14-Sep-18,"1 season, 10 episodes",26?35 min.,Worldwide,Ended
Brainchild,Educational,Netflix,02-Nov-18,"1 season, 13 episodes",22?25 min.,Worldwide,"Ended
"
The Fix,Panel show,Netflix,14-Dec-18,"1 season, 10 episodes",23?31 min.,Worldwide,"Ended
"
Trailer Park Boys,Mockumentary,Showcase,05-Sep-14,"5 seasons, 50 episodes",22?32 min.,"Worldwide
","Ended
"
Black Mirror,Science fiction,Channel 4,21-Oct-16,"3 seasons, 15 episodes",52?89 min.,"Worldwide
","Ended
"
Lovesick,Comedy,Channel 4,17-Nov-16,"2 seasons, 16 episodes",25?28 min.,"Worldwide
","Ended
"
Real Rob,Comedy,"Independent
",29-Sep-17,"1 season, 8 episodes",30?38 min.,"Worldwide
","Ended
"
Inside the World's Toughest Prisons,Docu-series,Channel 5,06-Jul-18,"2 seasons, 8 episodes",47?54 min.,"Worldwide
","Ended
"
Designated Survivor,Political thriller,ABC,07-Jun-19,"1 season, 10 episodes",47?53 min.,Worldwide,Ended
Beasts of No Nation,War drama,Netflix,16-Oct-15,,"2 hours, 16 min.",Worldwide,
The Ridiculous 6,Western,Netflix,11-Dec-15,,"1 hour, 59 min.",Worldwide,
"Crouching Tiger, Hidden Dragon: Sword of Destiny",Action,Netflix,26-Feb-16,,"1 hour, 43 min.",Worldwide,
Pee-wee's Big Holiday,Adventure,Netflix,18-Mar-16,,"1 hour, 29 min.",Worldwide,
Special Correspondents,Satire,Netflix,29-Apr-16,,"1 hour, 40 min.",Worldwide,
The Do-Over,Action comedy,Netflix,27-May-16,,"1 hour, 48 min.",Worldwide,
The Fundamentals of Caring,Comedy-drama,Netflix,24-Jun-16,,"1 hour, 37 min.",Worldwide,
Brahman Naman,Comedy,Netflix,07-Jul-16,,"1 hour, 35 min.",Worldwide,
Rebirth,Thriller,Netflix,15-Jul-16,,"1 hour, 40 min.",Worldwide,
Tallulah,Comedy-drama,Netflix,29-Jul-16,,"1 hour, 51 min.",Worldwide,
XOXO,Drama,Netflix,26-Aug-16,,"1 hour, 32 min.",Worldwide,
ARQ,Science fiction/Thriller,Netflix,16-Sep-16,,"1 hour, 28 min.",Worldwide,
The Siege of Jadotville,War,Netflix,07-Oct-16,,"1 hour, 48 min.",Worldwide,
Mascots,Mockumentary,Netflix,13-Oct-16,,"1 hour, 35 min.",Worldwide,
I Am the Pretty Thing That Lives in the House,Horror,Netflix,28-Oct-16,,"1 hour, 29 min.",Worldwide,
7 anos,Drama,Netflix,28-Oct-16,,"1 hour, 16 min.",Worldwide,
True Memoirs of an International Assassin,Action comedy,Netflix,11-Nov-16,,"1 hour, 38 min.",Worldwide,
Mercy,Thriller,Netflix,22-Nov-16,,"1 hour, 30 min.",Worldwide,
Spectral,Science fiction/Action,Netflix,09-Dec-16,,"1 hour, 48 min.",Worldwide,
Barry,Biopic,Netflix,16-Dec-16,,"1 hour, 44 min.",Worldwide,
Coin Heist,Heist film,Netflix,06-Jan-17,,"1 hour, 37 min.",Worldwide,
Clinical,Thriller,Netflix,13-Jan-17,,"1 hour, 44 min.",Worldwide,
Take the 10,Comedy,Netflix,20-Jan-17,,"1 hour, 20 min.",Worldwide,
iBoy,Science fiction/Thriller,Netflix,27-Jan-17,,"1 hour, 30 min.",Worldwide,
Imperial Dreams,Drama,Netflix,03-Feb-17,,"1 hour, 27 min.",Worldwide,
Girlfriend's Day,Comedy,Netflix,14-Feb-17,,"1 hour, 10 min.",Worldwide,
I Don't Feel at Home in This World Anymore,Drama,Netflix,24-Feb-17,,"1 hour, 36 min.",Worldwide,
Burning Sands,Drama,Netflix,10-Mar-17,,"1 hour, 42 min.",Worldwide,
Deidra & Laney Rob a Train,Drama,Netflix,17-Mar-17,,"1 hour, 34 min.",Worldwide,
The Most Hated Woman in America,Biopic,Netflix,24-Mar-17,,"1 hour, 32 min.",Worldwide,
The Discovery,Science fiction/Drama,Netflix,31-Mar-17,,"1 hour, 42 min.",Worldwide,
Win It All,Comedy,Netflix,07-Apr-17,,"1 hour, 28 min.",Worldwide,
Sandy Wexler,Comedy,Netflix,14-Apr-17,,"2 hours, 11 min.",Worldwide,
Sand Castle,War film,Netflix,21-Apr-17,,"1 hour, 53 min.",Worldwide,
Tramps,Romance,Netflix,21-Apr-17,,"1 hour, 23 min.",Worldwide,
Small Crimes,Dark comedy,Netflix,28-Apr-17,,"1 hour, 35 min.",Worldwide,
Handsome: A Netflix Mystery Movie,Comedy,Netflix,05-May-17,,"1 hour, 21 min.",Worldwide,
Blame!,Anime/Science fiction,Netflix,20-May-17,,"1 hour, 46 min.",Worldwide,
War Machine,War-Comedy,Netflix,26-May-17,,"2 hours, 2 min.",Worldwide,
Shimmer Lake,Crime thriller,Netflix,09-Jun-17,,"1 hour, 26 min.",Worldwide,
Okja,Action-adventure,Netflix,28-Jun-17,,"2 hours, 1 min.",Worldwide,
To the Bone,Drama,Netflix,14-Jul-17,,"1 hour, 47 min.",Worldwide,
The Incredible Jessica James,Comedy,Netflix,28-Jul-17,,"1 hour, 23 min.",Worldwide,
Naked,Comedy,Netflix,11-Aug-17,,"1 hour, 36 min.",Worldwide,
Death Note,Horror thriller,Netflix,25-Aug-17,,"1 hour, 40 min.",Worldwide,
Little Evil,Comedy horror,Netflix,01-Sep-17,,"1 hour, 34 min.",Worldwide,
#REALITYHIGH,Comedy,Netflix,08-Sep-17,,"1 hour, 39 min.",Worldwide,
First They Killed My Father,Drama,Netflix,15-Sep-17,,"2 hours, 16 min.",Worldwide,
Gerald's Game,Horror thriller,Netflix,29-Sep-17,,"1 hour, 43 min.",Worldwide,
Our Souls at Night,Romance,Netflix,29-Sep-17,,"1 hour, 43 min.",Worldwide,
Bomb Scared,Black comedy,Netflix,12-Oct-17,,"1 hour, 29 min.",Worldwide,
The Babysitter,Teen comedy horror,Netflix,13-Oct-17,,"1 hour, 25 min.",Worldwide,
The Meyerowitz Stories (New and Selected),Comedy-drama,Netflix,13-Oct-17,,"1 hour, 52 min.",Worldwide,
1922,Horror/crime drama,Netflix,20-Oct-17,,"1 hour, 42 min.",Worldwide,
Wheelman,Action thriller,Netflix,20-Oct-17,,"1 hour, 22 min.",Worldwide,
The Killer,Western,Netflix,10-Nov-17,,"1 hour, 39 min.",Worldwide,
A Christmas Prince,Romantic comedy,Netflix,17-Nov-17,,"1 hour, 32 min.",Worldwide,
El Camino Christmas,Dark comedy,Netflix,08-Dec-17,,"1 hour, 29 min.",Worldwide,
Christmas Inheritance,Romantic drama,Netflix,15-Dec-17,,"1 hour, 44 min.",Worldwide,
Bright,Urban fantasy,Netflix,22-Dec-17,,"1 hour, 57 min.",Worldwide,
The Polka King,Comedy-drama,Netflix,12-Jan-18,,"1 hour, 35 min.",Worldwide,
Step Sisters,Comedy,Netflix,19-Jan-18,,"1 hour, 48 min.",Worldwide,
The Open House,Horror thriller,Netflix,19-Jan-18,,"1 hour, 34 min.",Worldwide,
Blockbuster,Romantic comedy,Netflix,24-Jan-18,,"1 hour, 25 min.",Worldwide,
A Futile and Stupid Gesture,Biographical/Comedy,Netflix,26-Jan-18,,"1 hour, 41 min.",Worldwide,
The Cloverfield Paradox,Science fiction,Netflix,04-Feb-18,,"1 hour, 42 min.",Worldwide,
When We First Met,Romantic comedy,Netflix,09-Feb-18,,"1 hour, 37 min.",Worldwide,
Love per Square Foot,Romantic comedy,Netflix,14-Feb-18,,"2 hours, 13 min.",Worldwide,
Irreplaceable You,Drama,Netflix,16-Feb-18,,"1 hour, 36 min.",Worldwide,
Mute,Science fiction/Mystery,Netflix,23-Feb-18,,"2 hours, 6 min.",Worldwide,
The Outsider,Crime drama,Netflix,09-Mar-18,,2 hours,Worldwide,
Benji,Family film,Netflix,16-Mar-18,,"1 hour, 27 min.",Worldwide,
"Game Over, Man!",Action/Comedy,Netflix,23-Mar-18,,"1 hour, 41 min.",Worldwide,
Paradox,Musical/Western/Fantasy,Netflix,23-Mar-18,,"1 hour, 13 min.",Worldwide,
Roxanne Roxanne,Biopic,Netflix,23-Mar-18,,"1 hour, 38 min.",Worldwide,
Happy Anniversary,Romantic comedy,Netflix,30-Mar-18,,"1 hour, 18 min.",Worldwide,
First Match,Sports-drama,Netflix,30-Mar-18,,"1 hour, 42 min.",Worldwide,
6 Balloons,Drama,Netflix,06-Apr-18,,"1 hour, 15 min.",Worldwide,
Amateur,Sports-drama,Netflix,06-Apr-18,,"1 hour, 36 min.",Worldwide,
Come Sunday,Biopic,Netflix,13-Apr-18,,"1 hour, 46 min.",Worldwide,
I Am Not an Easy Man,Romantic comedy,Netflix,13-Apr-18,,"1 hour, 38 min.",Worldwide,
Dude,Teen comedy-drama,Netflix,20-Apr-18,,"1 hour, 37 min.",Worldwide,
Candy Jar,Comedy,Netflix,27-Apr-18,,"1 hour, 32 min.",Worldwide,
The Week Of,Comedy,Netflix,27-Apr-18,,"1 hour, 56 min.",Worldwide,
Sometimes,Drama,Netflix,01-May-18,,"1 hour, 41 min.",Worldwide,
Forgive Us Our Debts,Drama,Netflix,04-May-18,,"1 hour, 44 min.",Worldwide,
The Kissing Booth,Romantic comedy,Netflix,11-May-18,,"1 hour, 45 min.",Worldwide,
Cargo,Drama/Horror,Netflix,18-May-18,,"1 hour, 44 min.",Worldwide,
Ibiza,Comedy,Netflix,25-May-18,,"1 hour, 34 min.",Worldwide,
Alex Strangelove,Romantic comedy,Netflix,08-Jun-18,,"1 hour, 39 min.",Worldwide,
Set It Up,Romantic comedy,Netflix,15-Jun-18,,"1 hour, 45 min.",Worldwide,
Lust Stories,Drama,Netflix,15-Jun-18,,2 hours,Worldwide,
"To Each, Her Own",Romantic comedy,Netflix,24-Jun-18,,"1 hour, 35 min.",Worldwide,
Calibre,Thriller,Netflix,29-Jun-18,,"1 hour, 41 min.",Worldwide,
TAU,Science fiction thriller,Netflix,29-Jun-18,,"1 hour, 37 min.",Worldwide,
The Legacy of a Whitetail Deer Hunter,Adventure/Comedy,Netflix,06-Jul-18,,"1 hour, 23 min.",Worldwide,
How It Ends,Action thriller,Netflix,13-Jul-18,,"1 hour, 53 min.",Worldwide,
Father of the Year,Comedy,Netflix,20-Jul-18,,"1 hour, 34 min.",Worldwide,
Extinction,Science fiction-thriller,Netflix,27-Jul-18,,"1 hour, 35 min.",Worldwide,
Brij Mohan Amar Rahe,Comedy,Netflix,03-Aug-18,,"1 hour, 40 min.",Worldwide,
Like Father,Comedy,Netflix,03-Aug-18,,"1 hour, 43 min.",Worldwide,
The Package,Black comedy,Netflix,10-Aug-18,,"1 hour, 34 min.",Worldwide,
To All the Boys I've Loved Before,Romantic comedy,Netflix,17-Aug-18,,"1 hour, 39 min.",Worldwide,
The After Party,Comedy,Netflix,24-Aug-18,,"1 hour, 29 min.",Worldwide,
Sierra Burgess Is a Loser,Romantic comedy-drama,Netflix,07-Sep-18,,"1 hour, 45 min.",Worldwide,
The Most Assassinated Woman in the World,Thriller,Netflix,07-Sep-18,,"1 hour, 42 min.",Worldwide,
Next Gen,Animation/Action/Science fiction,Netflix,07-Sep-18,,"1 hour, 44 min.",Worldwide,
On My Skin,Crime drama,Netflix,12-Sep-18,,"1 hour, 40 min.",Worldwide,
The Land of Steady Habits,Drama,Netflix,14-Sep-18,,"1 hour, 38 min.",Worldwide,
The Angel,Spy thriller,Netflix,14-Sep-18,,"1 hour, 54 min.",Worldwide,
Nappily Ever After,Comedy-drama,Netflix,21-Sep-18,,"1 hour, 38 min.",Worldwide,
Hold the Dark,Thriller,Netflix,28-Sep-18,,"2 hours, 5 min.",Worldwide,
Private Life,Drama,Netflix,05-Oct-18,,"2 hours, 4 min.",Worldwide,
22-Jul,Drama,Netflix,10-Oct-18,,"2 hours, 24 min.",Worldwide,
Apostle,Horror-thriller,Netflix,12-Oct-18,,"2 hours, 9 min.",Worldwide,
The Night Comes for Us,Action-thriller,Netflix,19-Oct-18,,"2 hours, 1 min.",Worldwide,
Been So Long,Musical,Netflix,26-Oct-18,,"1 hour, 40 min.",Worldwide,
The Holiday Calendar,Romantic comedy,Netflix,02-Nov-18,,"1 hour, 35 min.",Worldwide,
The Other Side of the Wind,Drama,Netflix,02-Nov-18,,"2 hours, 2 min.",Worldwide,
Outlaw King,Historical-epic,Netflix,09-Nov-18,,"2 hours, 1 min.",Worldwide,
The Princess Switch,Romantic comedy,Netflix,16-Nov-18,,"1 hour, 41 min.",Worldwide,
Cam,Psychological horror,Netflix,16-Nov-18,,"1 hour, 34 min.",Worldwide,
The Ballad of Buster Scruggs,Western,Netflix,16-Nov-18,,"2 hours, 12 min.",Worldwide,
The Christmas Chronicles,Family film,Netflix,22-Nov-18,,"1 hour, 44 min.",Worldwide,
A Christmas Prince: The Royal Wedding,Romantic comedy,Netflix,30-Nov-18,,"1 hour, 32 min.",Worldwide,
Rajma Chawal,Comedy-drama,Netflix,30-Nov-18,,"1 hour, 58 min.",Worldwide,
5 Star Christmas,Comedy,Netflix,07-Dec-18,,"1 hour, 35 min.",Worldwide,
Mowgli: Legend of the Jungle,Adventure,Netflix,07-Dec-18,,"1 hour, 44 min.",Worldwide,
Roma,Drama,Netflix,14-Dec-18,,"2 hours, 15 min.",Worldwide,
Bird Box,Psychological thriller,Netflix,21-Dec-18,,"2 hours, 4 min.",Worldwide,
Lionheart,Comedy,Netflix,04-Jan-19,,"1 hour, 34 min.",Worldwide,
The Last Laugh,Comedy-drama,Netflix,11-Jan-19,,"1 hour, 38 min.",Worldwide,
IO,Science fiction/drama,Netflix,18-Jan-19,,"1 hour, 35 min.",Worldwide,
Soni,Crime drama,Netflix,18-Jan-19,,"1 hour, 37 min.",Worldwide,
Polar,Action,Netflix,25-Jan-19,,"1 hour, 58 min.",Worldwide,
Velvet Buzzsaw,Thriller,Netflix,01-Feb-19,,"1 hour, 52 min.",Worldwide,
High Flying Bird,Sports-drama,Netflix,08-Feb-19,,"1 hour, 30 min.",Worldwide,
Firebrand,Drama,Netflix,22-Feb-19,,"1 hour, 52 min.",Worldwide,
Paris Is Us,Romance drama,Netflix,22-Feb-19,,"1 hour, 23 min.",Worldwide,
Paddleton,Drama-Comedy,Netflix,22-Feb-19,,"1 hour, 29 min.",Worldwide,
Walk. Ride. Rodeo.,Drama,Netflix,08-Mar-19,,"1 hour, 39 min.",Worldwide,
Juanita,Drama,Netflix,08-Mar-19,,"1 hour, 30 min.",Worldwide,
Triple Frontier,Action-thriller,Netflix,13-Mar-19,,"2 hours, 5 min.",Worldwide,
The Dirt,Biopic,Netflix,22-Mar-19,,"1 hour, 48 min.",Worldwide,
The Highwaymen,Crime drama,Netflix,29-Mar-19,,"2 hours, 11 min.",Worldwide,
15-Aug,Comedy-drama,Netflix,29-Mar-19,,"2 hours, 4 min.",Worldwide,
Unicorn Store,Comedy,Netflix,05-Apr-19,,"1 hour, 32 min.",Worldwide,
Who Would You Take to a Deserted Island?,Drama,Netflix,12-Apr-19,,"1 hour, 33 min.",Worldwide,
The Perfect Date,Romantic comedy,Netflix,12-Apr-19,,"1 hour, 29 min.",Worldwide,
Someone Great,Romantic comedy,Netflix,19-Apr-19,,"1 hour, 32 min.",Worldwide,
Music Teacher,Drama,Netflix,19-Apr-19,,"1 hour, 41 min.",Worldwide,
Despite Everything,Comedy,Netflix,03-May-19,,"1 hour, 18 min.",Worldwide,
The Last Summer,Romantic comedy,Netflix,03-May-19,,"1 hour, 49 min.",Worldwide,
Wine Country,Comedy,Netflix,10-May-19,,"1 hour, 43 min.",Worldwide,
Good Sam,Drama,Netflix,16-May-19,,"1 hour, 29 min.",Worldwide,
See You Yesterday,Science fiction,Netflix,17-May-19,,"1 hour, 27 min.",Worldwide,
Rim of the World,Science fiction adventure,Netflix,24-May-19,,"1 hour, 38 min.",Worldwide,
The Perfection,Horror-thriller,Netflix,24-May-19,,"1 hour, 30 min.",Worldwide,
Always Be My Maybe,Romantic comedy,Netflix,31-May-19,,"1 hour, 42 min.",Worldwide,
Chopsticks,Comedy,Netflix,31-May-19,,"1 hour, 40 min.",Worldwide,
Elisa & Marcela,Romance,Netflix,07-Jun-19,,"1 hour, 58 min.",Worldwide,
Murder Mystery,Comedy mystery,Netflix,14-Jun-19,,"1 hour, 37 min.",Worldwide,
Beats,Drama,Netflix,19-Jun-19,,"1 hour, 50 min.",Worldwide,
Point Blank,Action,Netflix,12-Jul-19,,"1 hour, 26 min.",Worldwide,
Secret Obsession,Thriller,Netflix,18-Jul-19,,"1 hour, 37 min.",Worldwide,
The Red Sea Diving Resort,Spy thriller,Netflix,31-Jul-19,,"2 hours, 10 min.",Worldwide,
Otherhood,Comedy,Netflix,02-Aug-19,,"1 hour, 40 min.",Worldwide,
Sextuplets,Comedy,Netflix,16-Aug-19,,"1 hour, 39 min.",Worldwide,
Falling Inn Love,Romantic comedy,Netflix,29-Aug-19,,"1 hour, 37 min.",Worldwide,
Back to School,Comedy,Netflix,30-Aug-19,,"1 hour, 23 min.",Worldwide,
Tall Girl,Comedy-drama,Netflix,13-Sep-19,,"1 hour, 42 min.",Worldwide,
Between Two Ferns: The Movie,Comedy,Netflix,20-Sep-19,,"1 hour, 22 min.",Worldwide,
In the Shadow of the Moon,Thriller,Netflix,27-Sep-19,,"1 hour, 55 min.",Worldwide,
In the Tall Grass,Horror,Netflix,04-Oct-19,,"1 hour, 41 min.",Worldwide,
El Camino: A Breaking Bad Movie,Crime drama,Netflix,11-Oct-19,,"2 hours, 2 min.",Worldwide,
Fractured,Thriller,Netflix,11-Oct-19,,"1 hour, 40 min.",Worldwide,
The Forest of Love,Drama,Netflix,11-Oct-19,,"2 hours, 31 min.",Worldwide,
Street Flow,Drama,Netflix,12-Oct-19,,"1 hour, 36 min.",Worldwide,
Eli,Horror,Netflix,18-Oct-19,,"1 hour, 38 min.",Worldwide,
Seventeen,Coming-of-age comedy-drama,Netflix,18-Oct-19,,"1 hour, 39 min.",Worldwide,
The Laundromat,Comedy-drama,Netflix,18-Oct-19,,"1 hour, 38 min.",Worldwide,
Upstarts,Drama,Netflix,18-Oct-19,,"1 hour, 52 min.",Worldwide,
Dolemite Is My Name,Biopic,Netflix,25-Oct-19,,"1 hour, 58 min.",Worldwide,
Rattlesnake,Horror,Netflix,25-Oct-19,,"1 hour, 25 min.",Worldwide,
The King,Historical drama,Netflix,01-Nov-19,,"2 hours, 20 min.",Worldwide,
American Son,Drama,Netflix,01-Nov-19,,"1 hour, 30 min.",Worldwide,
Drive,Action,Netflix,01-Nov-19,,"2 hours, 27 min.",Worldwide,
The Man Without Gravity,Drama,Netflix,01-Nov-19,,"1 hour, 47 min.",Worldwide,
Holiday in the Wild,Adventure-romance,Netflix,01-Nov-19,,"1 hour, 25 min.",Worldwide,
Let It Snow,Romantic comedy,Netflix,08-Nov-19,,"1 hour, 32 min.",Worldwide,
Earthquake Bird,Mystery,Netflix,15-Nov-19,,"1 hour, 47 min.",Worldwide,
House Arrest,Comedy,Netflix,15-Nov-19,,"1 hour, 44 min.",Worldwide,
Klaus,Animation/Christmas film/Comedy/Adventure,Netflix,15-Nov-19,,"1 hour, 37 min.",Worldwide,
The Knight Before Christmas,Romantic comedy,Netflix,21-Nov-19,,"1 hour, 32 min.",Worldwide,
The Irishman,Crime drama,Netflix,27-Nov-19,,"3 hours, 29 min.",Worldwide,
Holiday Rush,Family film,Netflix,28-Nov-19,,"1 hour, 34 min.",Worldwide,
Dead Kids,Thriller,Netflix,01-Dec-19,,"1 hour, 34 min.",Worldwide,
A Christmas Prince: The Royal Baby,Romantic comedy,Netflix,05-Dec-19,,"1 hour, 25 min.",Worldwide,
Marriage Story,Drama,Netflix,06-Dec-19,,"2 hours, 16 min.",Worldwide,
6 Underground,Action,Netflix,13-Dec-19,,"2 hours, 8 min.",Worldwide,
The Two Popes,Drama,Netflix,20-Dec-19,,"2 hours, 5 min.",Worldwide,
Como Caido del Cielo,Musical comedy,Netflix,24-Dec-19,,"1 hour, 57 min.",Worldwide,
The App,Science fiction/drama,Netflix,26-Dec-19,,"1 hour, 19 min.",Worldwide,
Ghost Stories,Horror anthology,Netflix,01-Jan-20,,"2 hours, 24 min.",Worldwide,
A Fall from Grace,Thriller,Netflix,17-Jan-20,,2 hours,Worldwide,
Airplane Mode,Comedy,Netflix,23-Jan-20,,"1 hour, 36 min.",Worldwide,
Horse Girl,Drama,Netflix,07-Feb-20,,"1 hour, 44 min.",Worldwide,
To All the Boys: P.S. I Still Love You,Romantic comedy,Netflix,12-Feb-20,,"1 hour, 42 min.",Worldwide,
Isi & Ossi,Romantic comedy,Netflix,14-Feb-20,,"1 hour, 53 min.",Worldwide,
The Last Thing He Wanted,Political thriller,Netflix,21-Feb-20,,"1 hour, 55 min.",Worldwide,
Yeh Ballet,Drama,Netflix,21-Feb-20,,"1 hour, 57 min.",Worldwide,
All the Bright Places,Romance,Netflix,28-Feb-20,,"1 hour, 48 min.",Worldwide,
Guilty,Thriller,Netflix,06-Mar-20,,"1 hour, 59 min.",Worldwide,
Spenser Confidential,Action comedy,Netflix,06-Mar-20,,"1 hour, 51 min.",Worldwide,
Lost Girls,Crime drama,Netflix,13-Mar-20,,"1 hour, 35 min.",Worldwide,
Ultras,Sports film,Netflix,20-Mar-20,,"1 hour, 48 min.",Worldwide,
The Occupant,Thriller,Netflix,25-Mar-20,,"1 hour, 43 min.",Worldwide,
Maska,Romantic comedy,Netflix,27-Mar-20,,"1 hour, 51 min.",Worldwide,
The Decline,Thriller,Netflix,27-Mar-20,,"1 hour, 23 min.",Worldwide,
Uncorked,Drama,Netflix,27-Mar-20,,"1 hour, 43 min.",Worldwide,
Coffee & Kareem,Action comedy,Netflix,03-Apr-20,,"1 hour, 28 min.",Worldwide,
The Main Event,Comedy,Netflix,10-Apr-20,,"1 hour, 41 min.",Worldwide,
Love Wedding Repeat,Romantic comedy,Netflix,10-Apr-20,,"1 hour, 40 min.",Worldwide,
Tigertail,Drama,Netflix,10-Apr-20,,"1 hour, 31 min.",Worldwide,
Earth and Blood,Action,Netflix,17-Apr-20,,"1 hour, 20 min.",Worldwide,
Rising High,Satire,Netflix,17-Apr-20,,"1 hour, 34 min.",Worldwide,
Sergio,Biopic,Netflix,17-Apr-20,,"1 hour, 58 min.",Worldwide,
The Willoughbys,Animation/Comedy/Adventure,Netflix,22-Apr-20,,"1 hour, 32 min.",Worldwide,
Time to Hunt,Thriller,Netflix,23-Apr-20,,"2 hours, 14 min.",Worldwide,
Extraction,Action,Netflix,24-Apr-20,,"1 hour, 57 min.",Worldwide,
Dangerous Lies,Drama,Netflix,30-Apr-20,,"1 hour, 37 min.",Worldwide,
Rich in Love,Romantic comedy,Netflix,30-Apr-20,,"1 hour, 45 min.",Worldwide,
All Day and a Night,Drama,Netflix,01-May-20,,"2 hours, 1 min.",Worldwide,
Mrs. Serial Killer,Thriller,Netflix,01-May-20,,"1 hour, 46 min.",Worldwide,
The Half of It,Romance,Netflix,01-May-20,,"1 hour, 45 min.",Worldwide,
The Wrong Missy,Comedy,Netflix,13-May-20,,"1 hour, 30 min.",Worldwide,
The Lovebirds,Romantic comedy,Netflix,22-May-20,,"1 hour, 27 min.",Worldwide,
I'm No Longer Here,Drama,Netflix,27-May-20,,"1 hour, 45 min.",Worldwide,
Intuition,Thriller,Netflix,28-May-20,,"1 hour, 56 min.",Worldwide,
Choked: Paisa Bolta Hai,Drama,Netflix,05-Jun-20,,"1 hour, 54 min.",Worldwide,
The Last Days of American Crime,Heist film/Thriller,Netflix,05-Jun-20,,"2 hours, 29 min.",Worldwide,
Da 5 Bloods,War drama,Netflix,12-Jun-20,,"2 hours, 35 min.",Worldwide,
A Whisker Away,Anime/Fantasy,Netflix,18-Jun-20,,"1 hour, 44 min.",Worldwide,
Feel the Beat,Family/Comedy-drama,Netflix,19-Jun-20,,"1 hour, 47 min.",Worldwide,
Lost Bullet,Thriller,Netflix,19-Jun-20,,"1 hour, 32 min.",Worldwide,
One-Way to Tomorrow,Romance,Netflix,19-Jun-20,,"1 hour, 30 min.",Worldwide,
Bulbbul,Horror,Netflix,24-Jun-20,,"1 hour, 34 min.",Worldwide,
Nobody Knows I'm Here,Drama,Netflix,24-Jun-20,,"1 hour, 31 min.",Worldwide,
Awaiting release,Awaiting release,Netflix,Awaiting release,,Awaiting release,Worldwide,
Eurovision Song Contest: The Story of Fire Saga,Comedy,Netflix,"June 26, 2020[1]",,"2 hours, 3 min.",Worldwide,
Under the Riccione Sun[2],Romantic teenage drama,Netflix,"July 1, 2020[3]",,"1 hour, 41 min.",Worldwide,
Desperados,Romantic comedy,Netflix,"July 3, 2020[4]",,"1 hour, 45 min.",Worldwide,
The Old Guard,Superhero/Action,Netflix,"July 10, 2020[5]",,"2 hours, 4 min.",Worldwide,
Fatal Affair[6],Drama,Netflix,16-Jul-20,,TBA,Worldwide,
The Kissing Booth 2[7],Romantic comedy,Netflix,"July 24, 2020[8]",,"2 hours, 10 min.",Worldwide,
Project Power,Science fiction/Thriller,Netflix,"August 14, 2020[9]",,TBA,Worldwide,
Unknown Origins,Thriller,Netflix,"August 28, 2020[10]",,"1 hour, 40 min.",Worldwide,
Art of Conflict: The Murals of Northern Ireland[a],Documentaries,Netflix,12-Oct-12,,"1 hour, 13 min.",Worldwide,
The Short Game,Documentaries,Netflix,12-Dec-13,,"1 hour, 39 min.",Worldwide,
The Square,Documentaries,Netflix,17-Jan-14,,"1 hour, 44 min.",Worldwide,
Mitt,Documentaries,Netflix,24-Jan-14,,"1 hour, 32 min.",Worldwide,
The Battered Bastards of Baseball,Documentaries,Netflix,11-Jul-14,,"1 hour, 13 min.",Worldwide,
Mission Blue,Documentaries,Netflix,15-Aug-14,,"1 hour, 35 min.",Worldwide,
Print the Legend,Documentaries,Netflix,26-Sep-14,,"1 hour, 40 min.",Worldwide,
E-Team,Documentaries,Netflix,24-Oct-14,,"1 hour, 30 min.",Worldwide,
Virunga,Documentaries,Netflix,07-Nov-14,,"1 hour, 40 min.",Worldwide,
My Own Man,Documentaries,Netflix,06-Mar-15,,"1 hour, 21 min.",Worldwide,
The Other One: The Long Strange Trip of Bob Weir,Documentaries,Netflix,22-May-15,,"1 hour, 23 min.",Worldwide,
Hot Girls Wanted,Documentaries,Netflix,29-May-15,,"1 hour, 24 min.",Worldwide,
"What Happened, Miss Simone?",Documentaries,Netflix,26-Jun-15,,"1 hour, 24 min.",Worldwide,
Tig,Documentaries,Netflix,17-Jul-15,,"1 hour, 20 min.",Worldwide,
Keith Richards: Under the Influence,Documentaries,Netflix,18-Sep-15,,"1 hour, 21 min.",Worldwide,
Winter on Fire: Ukraine's Fight for Freedom,Documentaries,Netflix,09-Oct-15,,"1 hour, 31 min.",Worldwide,
My Beautiful Broken Brain,Documentaries,Netflix,18-Mar-16,,"1 hour, 31 min.",Worldwide,
Team Foxcatcher,Documentaries,Netflix,29-Apr-16,,"1 hour, 30 min.",Worldwide,
Tony Robbins: I Am Not Your Guru,Documentaries,Netflix,15-Jul-16,,"1 hour, 56 min.",Worldwide,
I'll Sleep When I'm Dead,Documentaries,Netflix,19-Aug-16,,"1 hour, 19 min.",Worldwide,
Extremis,Documentaries,Netflix,13-Sep-16,,24 min.,Worldwide,
The White Helmets,Documentaries,Netflix,16-Sep-16,,40 min.,Worldwide,
Audrie & Daisy,Documentaries,Netflix,23-Sep-16,,"1 hour, 38 min.",Worldwide,
Amanda Knox,Documentaries,Netflix,30-Sep-16,,"1 hour, 32 min.",Worldwide,
13th,Documentaries,Netflix,07-Oct-16,,"1 hour, 40 min.",Worldwide,
Sky Ladder: The Art of Cai Guo-Qiang,Documentaries,Netflix,14-Oct-16,,"1 hour, 19 min.",Worldwide,
Into the Inferno,Documentaries,Netflix,28-Oct-16,,"1 hour, 47 min.",Worldwide,
The Ivory Game,Documentaries,Netflix,04-Nov-16,,"1 hour, 52 min.",Worldwide,
Casting JonBenet,Documentaries,Netflix,28-Apr-17,,"1 hour, 20 min.",Worldwide,
The Mars Generation,Documentaries,Netflix,05-May-17,,"1 hour, 37 min.",Worldwide,
Get Me Roger Stone,Documentaries,Netflix,12-May-17,,"1 hour, 41 min.",Worldwide,
Laerte-se,Documentaries,Netflix,19-May-17,,"1 hour, 40 min.",Worldwide,
Joshua: Teenager vs. Superpower,Documentaries,Netflix,26-May-17,,"1 hour, 18 min.",Worldwide,
CounterPunch,Documentaries,Netflix,16-Jun-17,,"1 hour, 31 min.",Worldwide,
Nobody Speak: Trials of the Free Press,Documentaries,Netflix,23-Jun-17,,"1 hour, 35 min.",Worldwide,
Chasing Coral,Documentaries,Netflix,14-Jul-17,,"1 hour, 29 min.",Worldwide,
Icarus,Documentaries,Netflix,04-Aug-17,,2 hours,Worldwide,
Resurface,Documentaries,Netflix,01-Sep-17,,27 min.,Worldwide,
Heroin(e),Documentaries,Netflix,12-Sep-17,,39 min.,Worldwide,
Strong Island,Documentaries,Netflix,15-Sep-17,,"1 hour, 47 min.",Worldwide,
Gaga: Five Foot Two,Documentaries,Netflix,22-Sep-17,,"1 hour, 40 min.",Worldwide,
Long Shot,Documentaries,Netflix,29-Sep-17,,40 min.,Worldwide,
The Death and Life of Marsha P. Johnson,Documentaries,Netflix,06-Oct-17,,"1 hour, 45 min.",Worldwide,
Kingdom of Us,Documentaries,Netflix,13-Oct-17,,"1 hour, 49 min.",Worldwide,
One of Us,Documentaries,Netflix,20-Oct-17,,"1 hour, 35 min.",Worldwide,
Joan Didion: The Center Will Not Hold,Documentaries,Netflix,27-Oct-17,,"1 hour, 38 min.",Worldwide,
"Jim & Andy: The Great Beyond ? Featuring a Very Special, Contractually Obligated Mention of Tony Clifton",Documentaries,Netflix,17-Nov-17,,"1 hour, 34 min.",Worldwide,
Saving Capitalism,Documentaries,Netflix,21-Nov-17,,"1 hour, 13 min.",Worldwide,
Cuba and the Cameraman,Documentaries,Netflix,24-Nov-17,,"1 hour, 54 min.",Worldwide,
Voyeur,Documentaries,Netflix,01-Dec-17,,"1 hour, 35 min.",Worldwide,
Seeing Allred,Documentaries,Netflix,09-Feb-18,,"1 hour, 35 min.",Worldwide,
The Trader,Documentaries,Netflix,09-Feb-18,,23 min.,Worldwide,
Ladies First,Documentaries,Netflix,08-Mar-18,,39 min.,Worldwide,
Take Your Pills,Documentaries,Netflix,16-Mar-18,,"1 hour, 27 min.",Worldwide,
"Ram Dass, Going Home",Documentaries,Netflix,06-Apr-18,,31 min.,Worldwide,
Mercury 13,Documentaries,Netflix,20-Apr-18,,"1 hour, 19 min.",Worldwide,
The Rachel Divide,Documentaries,Netflix,27-Apr-18,,"1 hour, 44 min.",Worldwide,
End Game,Documentaries,Netflix,04-May-18,,40 min.,Worldwide,
Recovery Boys,Documentaries,Netflix,29-Jun-18,,"1 hour, 29 min.",Worldwide,
The Bleeding Edge,Documentaries,Netflix,27-Jul-18,,"1 hour, 40 min.",Worldwide,
Zion,Documentaries,Netflix,10-Aug-18,,11 min.,Worldwide,
City of Joy,Documentaries,Netflix,07-Sep-18,,"1 hour, 16 min.",Worldwide,
Reversing Roe,Documentaries,Netflix,13-Sep-18,,"1 hour, 39 min.",Worldwide,
Quincy,Documentaries,Netflix,21-Sep-18,,"2 hours, 4 min.",Worldwide,
Two Catalonias,Documentaries,Netflix,28-Sep-18,,"1 hour, 56 min.",Worldwide,
Lessons from a School Shooting: Notes from Dunblane,Documentaries,Netflix,28-Sep-18,,23 min.,Worldwide,
Feminists: What Were They Thinking?,Documentaries,Netflix,12-Oct-18,,"1 hour, 26 min.",Worldwide,
ReMastered: Who Shot the Sheriff?,Documentaries,Netflix,12-Oct-18,,57 min.,Worldwide,
Shirkers,Documentaries,Netflix,26-Oct-18,,"1 hour, 37 min.",Worldwide,
They'll Love Me When I'm Dead,Documentaries,Netflix,02-Nov-18,,"1 hour, 38 min.",Worldwide,
ReMastered: Tricky Dick & the Man in Black,Documentaries,Netflix,02-Nov-18,,58 min.,Worldwide,
The American Meme,Documentaries,Netflix,07-Dec-18,,"1 hour, 38 min.",Worldwide,
ReMastered: Who Killed Jam Master Jay?,Documentaries,Netflix,07-Dec-18,,58 min.,Worldwide,
"Out of Many, One",Documentaries,Netflix,12-Dec-18,,34 min.,Worldwide,
Struggle: The Life and Lost Art of Szukalski,Documentaries,Netflix,21-Dec-18,,"1 hour, 45 min.",Worldwide,
ReMastered: Massacre at the Stadium,Documentaries,Netflix,11-Jan-19,,"1 hour, 4 min.",Worldwide,
Fyre: The Greatest Party That Never Happened,Documentaries,Netflix,18-Jan-19,,"1 hour, 37 min.",Worldwide,
ReMastered: The Two Killings of Sam Cooke,Documentaries,Netflix,08-Feb-19,,"1 hour, 4 min.",Worldwide,
Period. End of Sentence.,Documentaries,Netflix,12-Feb-19,,26 min.,Worldwide,
Antoine Griezmann: The Making of a Legend,Documentaries,Netflix,21-Mar-19,,1 hour,Worldwide,
ReMastered: The Miami Showband Massacre,Documentaries,Netflix,22-Mar-19,,"1 hour, 10 min.",Worldwide,
The Legend of Cocaine Island,Documentaries,Netflix,29-Mar-19,,"1 hour, 27 min.",Worldwide,
Homecoming: A Film by Beyonce,Documentaries,Netflix,17-Apr-19,,"2 hours, 17 min.",Worldwide,
Brene Brown: The Call to Courage,Documentaries,Netflix,19-Apr-19,,"1 hour, 16 min.",Worldwide,
Grass Is Greener,Documentaries,Netflix,20-Apr-19,,"1 hour, 37 min.",Worldwide,
ReMastered: Devil at the Crossroads,Documentaries,Netflix,26-Apr-19,,48 min.,Worldwide,
Knock Down the House,Documentaries,Netflix,01-May-19,,"1 hour, 27 min.",Worldwide,
All in My Family,Documentaries,Netflix,03-May-19,,39 min.,Worldwide,
ReMastered: The Lion's Share,Documentaries,Netflix,17-May-19,,"1 hour, 24 min.",Worldwide,
A Tale of Two Kitchens,Documentaries,Netflix,22-May-19,,30 min.,Worldwide,
After Maria,Documentaries,Netflix,24-May-19,,37 min.,Worldwide,
The Black Godfather,Documentaries,Netflix,07-Jun-19,,"1 hour, 58 min.",Worldwide,
Rolling Thunder Revue: A Bob Dylan Story by Martin Scorsese,Documentaries,Netflix,12-Jun-19,,"2 hours, 22 min.",Worldwide,
Life Overtakes Me,Documentaries,Netflix,14-Jun-19,,40 min.,Worldwide,
The Edge of Democracy,Documentaries,Netflix,19-Jun-19,,"2 hours, 1 min.",Worldwide,
Parchis: The Documentary,Documentaries,Netflix,10-Jul-19,,"1 hour, 46 min.",Worldwide,
The Great Hack,Documentaries,Netflix,24-Jul-19,,"1 hour, 54 min.",Worldwide,
Enter the Anime,Documentaries,Netflix,05-Aug-19,,58 min.,Worldwide,
American Factory,Documentaries,Netflix,21-Aug-19,,"1 hour, 50 min.",Worldwide,
Travis Scott: Look Mom I Can Fly,Documentaries,Netflix,28-Aug-19,,"1 hour, 25 min.",Worldwide,
The Crystal Calls ? Making The Dark Crystal: Age of Resistance,Documentaries,Netflix,31-Aug-19,,"1 hour, 22 min.",Worldwide,
Evelyn,Documentaries,Netflix,10-Sep-19,,"1 hour, 36 min.",Worldwide,
"Hello, Privilege. It's Me, Chelsea",Documentaries,Netflix,13-Sep-19,,"1 hour, 4 min.",Worldwide,
Los Tigres del Norte at Folsom Prison,Documentaries,Netflix,15-Sep-19,,"1 hour, 4 min.",Worldwide,
Birders,Documentaries,Netflix,25-Sep-19,,37 min.,Worldwide,
Ghosts of Sugar Land,Documentaries,Netflix,16-Oct-19,,21 min.,Worldwide,
Tell Me Who I Am,Documentaries,Netflix,18-Oct-19,,"1 hour, 25 min.",Worldwide,
Dancing with the Birds,Documentaries,Netflix,23-Oct-19,,51 min.,Worldwide,
It Takes a Lunatic,Documentaries,Netflix,25-Oct-19,,"2 hours, 6 min.",Worldwide,
A 3 Minute Hug,Documentaries,Netflix,28-Oct-19,,28 min.,Worldwide,
Little Miss Sumo,Documentaries,Netflix,28-Oct-19,,19 min.,Worldwide,
Fire in Paradise,Documentaries,Netflix,01-Nov-19,,39 min.,Worldwide,
"Bikram: Yogi, Guru, Predator",Documentaries,Netflix,20-Nov-19,,"1 hour, 26 min.",Worldwide,
"Lorena, Light-Footed Woman",Documentaries,Netflix,20-Nov-19,,28 min.,Worldwide,
After the Raid,Documentaries,Netflix,19-Dec-19,,25 min.,Worldwide,
El Pepe: A Supreme Life,Documentaries,Netflix,27-Dec-19,,"1 hour, 13 min.",Worldwide,
Miss Americana,Documentaries,Netflix,31-Jan-20,,"1 hour, 25 min.",Worldwide,
A Life of Speed: The Juan Manuel Fangio Story,Documentaries,Netflix,20-Mar-20,,"1 hour, 32 min.",Worldwide,
Crip Camp: A Disability Revolution,Documentaries,Netflix,25-Mar-20,,"1 hour, 48 min.",Worldwide,
LA Originals,Documentaries,Netflix,10-Apr-20,,"1 hour, 32 min.",Worldwide,
Circus of Books,Documentaries,Netflix,22-Apr-20,,"1 hour, 26 min.",Worldwide,
A Secret Love,Documentaries,Netflix,29-Apr-20,,"1 hour, 22 min.",Worldwide,
Murder to Mercy: The Cyntoia Brown Story,Documentaries,Netflix,29-Apr-20,,"1 hour, 37 min.",Worldwide,
Becoming,Documentaries,Netflix,06-May-20,,"1 hour, 29 min.",Worldwide,
Have a Good Trip: Adventures in Psychedelics,Documentaries,Netflix,11-May-20,,"1 hour, 25 min.",Worldwide,
Spelling the Dream,Documentaries,Netflix,03-Jun-20,,"1 hour, 23 min.",Worldwide,
One Take,Documentaries,Netflix,18-Jun-20,,"1 hour, 25 min.",Worldwide,
Disclosure,Documentaries,Netflix,19-Jun-20,,"1 hour, 47 min.",Worldwide,
Athlete A,Documentaries,Netflix,24-Jun-20,,"1 hour, 44 min.",Worldwide,
Awaiting release,Documentaries,Netflix,Awaiting release,,Awaiting release,Worldwide,
Mucho Mucho Amor: The Legend of Walter Mercado[235],Documentaries,Netflix,"July 8, 2020[236]",,TBA,Worldwide,
The Claudia Kishi Club[237],Documentaries,Netflix,10-Jul-20,,17 min.,Worldwide,
Father Soldier Son[238],Documentaries,Netflix,17-Jul-20,,TBA,Worldwide,
The Speed Cubers[237],Documentaries,Netflix,29-Jul-20,,40 min.,Worldwide,
John Was Trying to Contact Aliens[237],Documentaries,Netflix,20-Aug-20,,16 min.,Worldwide,
A Very Murray Christmas,Comedy / Musical,Netflix,04-Dec-15,,56 min.,Worldwide,
Justin Timberlake + The Tennessee Kids,Concert film,Netflix,12-Oct-16,,"1 hour, 30 min.",Worldwide,
13th: A Conversation with Oprah Winfrey & Ava DuVernay,Aftershow / Interview,Netflix,26-Jan-17,,36 min.,Worldwide,
"Michael Bolton's Big, Sexy Valentine's Day Special",Variety show,Netflix,07-Feb-17,,54 min.,Worldwide,
Rodney King,One-man show,Netflix,28-Apr-17,,52 min.,Worldwide,
"Barbra: The Music, The Mem'ries, The Magic",Concert film,Netflix,22-Nov-17,,"1 hour, 48 min.",Worldwide,
Derren Brown: Sacrifice,Mentalism special,Netflix,19-Oct-18,,49 min.,Worldwide,
Loudon Wainwright III: Surviving Twin,One-man show,Netflix,13-Nov-18,,"1 hour, 31 min.",Worldwide,
Springsteen on Broadway,One-man show,Netflix,16-Dec-18,,"2 hours, 33 min.",Worldwide,
Porta dos Fundos: The Last Hangover,Comedy,Netflix,21-Dec-18,,44 min.,Worldwide,
Taylor Swift: Reputation Stadium Tour,Concert film,Netflix,31-Dec-18,,"2 hours, 5 min.",Worldwide,
Kevin Hart's Guide to Black History,Variety show,Netflix,08-Feb-19,,"1 hour, 3 min.",Worldwide,
Still Laugh-In: The Stars Celebrate,Variety show,Netflix,14-May-19,,1 hour,Worldwide,
The Lonely Island Presents: The Unauthorized Bash Brothers Experience,Comedy / Musical,Netflix,23-May-19,,30 min.,Worldwide,
Anima,Musical / Short,Netflix,27-Jun-19,,15 min.,Worldwide,
"Frankenstein's Monster's Monster, Frankenstein",Mockumentary,Netflix,16-Jul-19,,32 min.,Worldwide,
Rocko's Modern Life: Static Cling,Animation / Comedy,Netflix,09-Aug-19,,45 min.,Worldwide,
Invader Zim: Enter the Florpus,Animation / Science fiction,Netflix,16-Aug-19,,"1 hour, 11 min.",Worldwide,
American Factory: A Conversation with the Obamas,Aftershow / Interview,Netflix,21-Aug-19,,10 min.,Worldwide,
Sturgill Simpson Presents: Sound & Fury,Animation / Musical,Netflix,27-Sep-19,,41 min.,Worldwide,
The Road to El Camino: A Breaking Bad Movie,Making-of,Netflix,29-Oct-19,,13 min.,Worldwide,
The Irishman: In Conversation,Aftershow / Interview,Netflix,27-Nov-19,,23 min.,Worldwide,
Porta dos Fundos: The First Temptation of Christ,Comedy,Netflix,03-Dec-19,,46 min.,Worldwide,
John Mulaney & the Sack Lunch Bunch,Variety show,Netflix,24-Dec-19,,"1 hour, 10 min.",Worldwide,
What Did Jack Do?,Drama / Short,Netflix,20-Jan-20,,17 min.,Worldwide,
Road to Roma,Making-of,Netflix,11-Feb-20,,"1 hour, 12 min.",Worldwide,
Sitara: Let Girls Dream,Animation,Netflix,08-Mar-20,,15 min.,Worldwide,
Sol Levante,Anime / Short,Netflix,02-Apr-20,,4 min.,Worldwide,
Ben Platt: Live from Radio City Music Hall,Concert film,Netflix,20-May-20,,"1 hour, 25 min.",Worldwide,
Catching Feelings,Romantic comedy,Netflix,2017,,"2 hours, 4 min.",Worldwide[271][272],
